[
  {
    "id": "660d8e1d-3b56-46c5-976e-c8df31a30e66",
    "data": [
      {
        "text": "What is Neural Stats",
        "userDefined": false
      }
    ],
    "isTemplate": false,
    "count": 1,
    "updated": 1538410754
  },
  {
    "id": "8a3e26db-fb84-495a-b5d0-b0c359bf13fd",
    "data": [
      {
        "text": "Neural Stats",
        "userDefined": false
      }
    ],
    "isTemplate": false,
    "count": 0,
    "updated": 1538410754
  },
  {
    "id": "ed836e53-dc0f-4f6e-b0bb-492820610ff3",
    "data": [
      {
        "text": "May i know, who are you?",
        "userDefined": false
      }
    ],
    "isTemplate": false,
    "count": 0,
    "updated": 1538353906
  },
  {
    "id": "3b0bccf1-fb9a-4592-b195-126a79a0d3a1",
    "data": [
      {
        "text": "Who\u0027s this?",
        "userDefined": false
      }
    ],
    "isTemplate": false,
    "count": 0,
    "updated": 1538353906
  },
  {
    "id": "1652dbe3-90dd-4ec6-858a-514a8e3608c0",
    "data": [
      {
        "text": "Who are you",
        "userDefined": false
      }
    ],
    "isTemplate": false,
    "count": 0,
    "updated": 1538353906
  }
]