[
  {
    "id": "46d19a7c-cb27-4c53-a706-1dc1b72cd810",
    "data": [
      {
        "text": "Excited",
        "userDefined": false
      }
    ],
    "isTemplate": false,
    "count": 0,
    "updated": 1538665744
  },
  {
    "id": "d1ee385a-04c1-4b0a-b165-a68ca825f358",
    "data": [
      {
        "text": "Nice",
        "userDefined": false
      }
    ],
    "isTemplate": false,
    "count": 0,
    "updated": 1538665744
  },
  {
    "id": "706da5c5-9362-45d2-a8f5-b761e7a0b343",
    "data": [
      {
        "text": "Very good",
        "userDefined": false
      }
    ],
    "isTemplate": false,
    "count": 0,
    "updated": 1538665744
  },
  {
    "id": "a0a06d55-0247-4177-8bbf-7e2317610e74",
    "data": [
      {
        "text": "Very happy",
        "userDefined": false
      }
    ],
    "isTemplate": false,
    "count": 0,
    "updated": 1538665744
  },
  {
    "id": "93433d60-3979-4033-82ec-c41780db35ba",
    "data": [
      {
        "text": "Cool",
        "userDefined": false
      }
    ],
    "isTemplate": false,
    "count": 0,
    "updated": 1538665744
  },
  {
    "id": "30486b3b-fb4a-483d-9f9f-1a3c9f1c7c2a",
    "data": [
      {
        "text": "Fine",
        "userDefined": false
      }
    ],
    "isTemplate": false,
    "count": 0,
    "updated": 1538665744
  },
  {
    "id": "667a9900-31b7-42a8-9d84-2b9882308036",
    "data": [
      {
        "text": "Well",
        "userDefined": false
      }
    ],
    "isTemplate": false,
    "count": 0,
    "updated": 1538665744
  },
  {
    "id": "cd293fc5-f963-4682-a7b6-1f709304cb58",
    "data": [
      {
        "text": "Happy",
        "userDefined": false
      }
    ],
    "isTemplate": false,
    "count": 0,
    "updated": 1538625914
  }
]