[
  {
    "id": "c8d070d4-4f1e-4fdc-a730-db11402eb2c6",
    "data": [
      {
        "text": "Unwell",
        "userDefined": false
      }
    ],
    "isTemplate": false,
    "count": 0,
    "updated": 1538568952
  },
  {
    "id": "c14423fd-69e1-40d9-8cd4-04cdc9fea835",
    "data": [
      {
        "text": "Sad",
        "userDefined": false
      }
    ],
    "isTemplate": false,
    "count": 0,
    "updated": 1538568952
  },
  {
    "id": "87f5f3e2-c2d2-486a-bef6-3cb8639ab543",
    "data": [
      {
        "text": "Depressed",
        "userDefined": false
      }
    ],
    "isTemplate": false,
    "count": 0,
    "updated": 1538568952
  }
]