[
  {
    "id": "f1b64a65-92dd-4c15-adff-7176b9a7f6f0",
    "data": [
      {
        "text": "why",
        "userDefined": false
      }
    ],
    "isTemplate": false,
    "count": 0,
    "updated": 1538683680
  },
  {
    "id": "e0cdb64b-324e-4edf-b308-331f2bd15d5b",
    "data": [
      {
        "text": "why should i share",
        "userDefined": false
      }
    ],
    "isTemplate": false,
    "count": 0,
    "updated": 1538683680
  },
  {
    "id": "5882d88e-a886-4fbc-b899-c37f0ea9a0a7",
    "data": [
      {
        "text": "can not share",
        "userDefined": false
      }
    ],
    "isTemplate": false,
    "count": 0,
    "updated": 1538683680
  },
  {
    "id": "2e260407-03ad-46da-9f84-7abe4a726508",
    "data": [
      {
        "text": "can\u0027t share",
        "userDefined": false
      }
    ],
    "isTemplate": false,
    "count": 0,
    "updated": 1538683680
  },
  {
    "id": "4029d3fa-43fc-4515-99e1-3dea210cdf94",
    "data": [
      {
        "text": "i dont want to share",
        "userDefined": false
      }
    ],
    "isTemplate": false,
    "count": 0,
    "updated": 1538683680
  },
  {
    "id": "25daa74c-b2f0-46c1-a4b8-6777b08906b1",
    "data": [
      {
        "text": "i don\u0027t want to tell",
        "userDefined": false
      }
    ],
    "isTemplate": false,
    "count": 0,
    "updated": 1538683680
  },
  {
    "id": "d1977981-aa3f-4776-9ff3-ec97e34775cb",
    "data": [
      {
        "text": "nothing",
        "userDefined": false
      }
    ],
    "isTemplate": false,
    "count": 0,
    "updated": 1538683680
  }
]